relationship_id,constituent_id_a,constituent_id_b,relationship_type,start_date
1,1,1555,Business Associate,2024-03-14
2,1,2764,Business Associate,2024-03-24
3,2,1000,Business Associate,2022-07-16
4,2,1577,Business Associate,2024-08-24
5,3,4756,Business Associate,2025-03-05
6,3,1667,Business Associate,2021-11-30
7,4,832,Business Associate,2022-06-18
8,4,905,Business Associate,2025-02-05
9,4,1120,Business Associate,2022-06-18
10,5,1531,Business Associate,2022-03-10
11,6,772,Business Associate,2024-07-22
12,6,3121,Business Associate,2024-07-22
13,6,753,Business Associate,2024-07-22
14,7,2055,Business Associate,2024-12-29
15,8,2661,Business Associate,2025-01-17
16,9,1108,Business Associate,2021-08-28
17,9,3463,Business Associate,2025-02-16
18,9,1992,Business Associate,2021-09-15
19,10,1728,Business Associate,2022-07-19
20,11,2493,Business Associate,2023-11-21
21,12,3383,Business Associate,2023-05-30
22,12,4822,Business Associate,2023-10-14
23,13,4311,Business Associate,2023-11-20
24,13,4179,Business Associate,2023-11-20
25,13,1464,Business Associate,2023-11-20
26,14,810,Business Associate,2025-05-24
27,15,4083,Business Associate,2024-04-20
28,16,2943,Business Associate,2024-01-07
29,17,4097,Business Associate,2022-05-11
30,17,1648,Business Associate,2023-05-12
31,17,2056,Business Associate,2023-10-23
32,18,4933,Business Associate,2024-10-06
33,18,2879,Business Associate,2025-06-07
34,18,818,Business Associate,2025-06-27
35,19,3805,Business Associate,2023-09-13
36,20,2532,Business Associate,2023-01-22
37,20,1931,Business Associate,2024-11-11
38,20,3782,Business Associate,2022-02-07
39,21,2689,Business Associate,2023-08-19
40,21,2781,Business Associate,2023-09-09
41,22,1283,Business Associate,2023-12-29
42,22,789,Business Associate,2025-02-01
43,22,1195,Business Associate,2023-12-29
44,23,2302,Business Associate,2024-05-18
45,23,2732,Business Associate,2024-05-18
46,24,4504,Business Associate,2024-09-26
47,25,2667,Business Associate,2022-02-27
48,25,4114,Business Associate,2025-06-02
49,25,4120,Business Associate,2023-09-04
50,26,1251,Business Associate,2023-11-01
51,26,3018,Business Associate,2023-11-01
52,26,2605,Business Associate,2024-09-27
53,27,2675,Business Associate,2025-01-03
54,28,4457,Business Associate,2025-06-23
55,28,2072,Business Associate,2025-06-23
56,28,1205,Business Associate,2025-06-23
57,29,3100,Business Associate,2021-12-30
58,29,4199,Business Associate,2021-09-20
59,30,3180,Business Associate,2025-04-28
60,31,2369,Business Associate,2025-06-25
61,31,3860,Business Associate,2024-08-23
62,31,1136,Business Associate,2024-08-23
63,32,2489,Business Associate,2024-12-24
64,32,3319,Business Associate,2022-11-19
65,33,3668,Business Associate,2024-07-16
66,33,4853,Business Associate,2023-02-08
67,33,1530,Business Associate,2024-10-10
68,34,2807,Business Associate,2024-05-05
69,34,2204,Business Associate,2025-04-05
70,35,2652,Business Associate,2024-05-26
71,35,2581,Business Associate,2025-04-26
72,35,2492,Business Associate,2023-09-04
73,36,4062,Business Associate,2024-11-05
74,37,1540,Business Associate,2024-06-14
75,37,1023,Business Associate,2023-06-11
76,37,3201,Business Associate,2023-06-11
77,38,4632,Business Associate,2024-02-14
78,39,2200,Business Associate,2023-11-25
79,39,4834,Business Associate,2022-11-04
80,39,2042,Business Associate,2022-01-05
81,40,4835,Business Associate,2024-07-22
82,40,1340,Business Associate,2024-07-22
83,40,3237,Business Associate,2024-08-09
84,41,3122,Business Associate,2023-03-31
85,41,3134,Business Associate,2023-03-31
86,41,4525,Business Associate,2023-03-31
87,42,1903,Business Associate,2023-02-24
88,42,2419,Business Associate,2024-08-21
89,42,4568,Business Associate,2023-07-11
90,43,1253,Business Associate,2023-08-28
91,43,1053,Business Associate,2023-08-28
92,43,2761,Business Associate,2023-08-28
93,44,2886,Business Associate,2024-06-05
94,44,3210,Business Associate,2022-08-18
95,45,3407,Business Associate,2024-07-26
96,45,911,Business Associate,2023-07-02
97,46,1978,Business Associate,2023-07-05
98,46,4121,Business Associate,2023-07-05
99,46,2348,Business Associate,2024-01-13
100,47,2784,Business Associate,2024-02-13
101,47,4713,Business Associate,2023-06-10
102,47,1332,Business Associate,2024-10-06
103,48,2475,Business Associate,2024-10-26
104,49,1013,Business Associate,2024-08-23
105,49,3802,Business Associate,2024-08-23
106,49,3660,Business Associate,2024-08-23
107,50,3796,Business Associate,2025-05-21
108,50,3946,Business Associate,2025-05-27
109,51,2625,Business Associate,2024-11-03
110,51,3949,Business Associate,2024-11-03
111,52,948,Business Associate,2023-03-27
112,52,2357,Business Associate,2023-08-01
113,53,3462,Business Associate,2022-01-01
114,54,3803,Business Associate,2023-02-06
115,54,4391,Business Associate,2023-06-07
116,55,4307,Business Associate,2025-03-18
117,56,1883,Business Associate,2023-03-30
118,56,1183,Business Associate,2024-08-26
119,56,1740,Business Associate,2024-09-05
120,57,1825,Business Associate,2024-03-11
121,57,4512,Business Associate,2025-05-30
122,58,1930,Business Associate,2022-01-13
123,58,2240,Business Associate,2022-06-25
124,58,4138,Business Associate,2022-03-08
125,59,1664,Business Associate,2025-02-12
126,59,2519,Business Associate,2022-09-10
127,60,1358,Business Associate,2022-03-06
128,60,1639,Business Associate,2024-07-03
129,61,4634,Business Associate,2023-07-31
130,61,4301,Business Associate,2023-07-22
131,62,1368,Business Associate,2023-06-15
132,63,1932,Business Associate,2024-11-23
133,63,998,Business Associate,2024-07-30
134,64,3489,Business Associate,2022-02-20
135,65,3545,Business Associate,2025-02-14
136,65,1385,Business Associate,2023-10-07
137,65,2944,Business Associate,2023-10-07
138,66,2684,Business Associate,2023-01-31
139,66,1311,Business Associate,2024-03-22
140,67,2876,Business Associate,2023-09-18
141,68,3615,Business Associate,2024-09-30
142,69,889,Business Associate,2025-03-21
143,70,4897,Business Associate,2022-12-01
144,70,4687,Business Associate,2022-05-22
145,70,1346,Business Associate,2022-05-22
146,71,797,Business Associate,2024-03-02
147,72,1078,Business Associate,2025-02-27
148,72,2886,Business Associate,2024-06-05
149,72,1287,Business Associate,2024-03-13
150,73,3047,Business Associate,2025-05-20
151,74,2930,Business Associate,2024-04-03
152,74,1365,Business Associate,2022-11-27
153,74,1774,Business Associate,2022-09-26
154,75,4392,Business Associate,2022-05-31
155,76,1913,Business Associate,2023-10-17
156,77,4075,Business Associate,2022-04-03
157,77,2424,Business Associate,2022-04-03
158,77,3074,Business Associate,2022-04-03
159,78,4903,Business Associate,2025-04-11
160,78,2355,Business Associate,2025-04-11
161,79,3253,Business Associate,2025-03-07
162,79,991,Business Associate,2025-03-07
163,79,1869,Business Associate,2025-03-07
164,80,961,Business Associate,2025-02-25
165,80,3783,Business Associate,2022-10-27
166,80,4704,Business Associate,2024-02-15
167,81,1431,Business Associate,2023-09-15
168,82,2497,Business Associate,2024-07-02
169,82,3287,Business Associate,2024-04-09
170,83,2009,Business Associate,2023-10-24
171,83,3564,Business Associate,2022-11-14
172,84,2925,Business Associate,2025-01-26
173,84,3201,Business Associate,2023-09-20
174,84,3831,Business Associate,2023-09-20
175,85,1758,Business Associate,2024-10-13
176,86,3748,Business Associate,2024-12-13
177,86,2176,Business Associate,2022-07-07
178,86,2035,Business Associate,2022-03-02
179,87,2493,Business Associate,2023-02-13
180,88,2788,Business Associate,2025-03-14
181,88,4803,Business Associate,2023-06-23
182,89,4190,Business Associate,2025-05-08
183,89,886,Business Associate,2024-06-04
184,90,2031,Business Associate,2025-04-15
185,90,1732,Business Associate,2025-02-20
186,90,1409,Business Associate,2025-03-20
187,91,3204,Business Associate,2024-09-13
188,91,4015,Business Associate,2024-09-13
189,92,4559,Business Associate,2024-02-24
190,92,3827,Business Associate,2024-02-24
191,93,3157,Business Associate,2024-07-08
192,94,3333,Business Associate,2024-06-17
193,94,4268,Business Associate,2024-06-17
194,94,4670,Business Associate,2024-06-17
195,95,2011,Business Associate,2025-01-15
196,95,2162,Business Associate,2025-01-15
197,95,1476,Business Associate,2025-01-15
198,96,4302,Business Associate,2024-09-10
199,96,4288,Business Associate,2024-03-06
200,96,1710,Business Associate,2022-01-25
201,97,4782,Business Associate,2022-07-14
202,97,890,Business Associate,2022-06-15
203,98,1890,Business Associate,2022-10-15
204,98,3108,Business Associate,2023-11-11
205,99,925,Business Associate,2024-03-11
206,99,4209,Business Associate,2025-03-20
207,100,3408,Business Associate,2025-01-06
208,100,2356,Business Associate,2025-01-06
209,100,2378,Business Associate,2025-01-06
210,101,966,Business Associate,2022-12-06
211,102,4217,Business Associate,2024-05-27
212,102,3142,Business Associate,2021-09-21
213,102,2394,Business Associate,2022-05-19
214,103,3703,Business Associate,2023-08-04
215,103,4097,Business Associate,2023-08-04
216,104,3350,Business Associate,2022-09-04
217,104,1217,Business Associate,2022-02-01
218,104,1601,Business Associate,2023-01-25
219,105,1918,Business Associate,2024-07-08
220,105,2157,Business Associate,2024-07-08
221,105,3130,Business Associate,2024-07-08
222,106,4894,Business Associate,2023-11-15
223,106,1657,Business Associate,2023-11-15
224,107,1088,Business Associate,2021-09-05
225,107,1307,Business Associate,2021-11-29
226,108,4112,Business Associate,2021-08-30
227,108,3899,Business Associate,2025-04-19
228,108,4843,Business Associate,2021-12-19
229,109,1404,Business Associate,2024-10-31
230,110,2901,Business Associate,2025-02-10
231,110,3045,Business Associate,2025-02-10
232,111,3337,Business Associate,2021-06-07
233,111,3388,Business Associate,2023-11-03
234,111,3785,Business Associate,2024-04-07
235,112,3779,Business Associate,2024-05-20
236,113,4676,Business Associate,2025-05-09
237,113,907,Business Associate,2025-05-15
238,114,2946,Business Associate,2023-06-09
239,114,3546,Business Associate,2024-04-18
240,114,2514,Business Associate,2025-01-01
241,115,4225,Business Associate,2022-10-23
242,115,4680,Business Associate,2022-10-23
243,116,1880,Business Associate,2024-03-22
244,116,4580,Business Associate,2024-03-22
245,116,1050,Business Associate,2025-04-08
246,117,1394,Business Associate,2025-06-02
247,118,1720,Business Associate,2024-10-30
248,119,3750,Business Associate,2024-03-19
249,120,2390,Business Associate,2022-12-04
250,121,2629,Business Associate,2023-03-30
251,121,1938,Business Associate,2022-07-06
252,121,2458,Business Associate,2024-05-14
253,122,1793,Business Associate,2023-11-09
254,122,1809,Business Associate,2023-08-09
255,122,1396,Business Associate,2022-12-30
256,123,2906,Business Associate,2022-01-22
257,124,2037,Business Associate,2025-05-13
258,124,1737,Business Associate,2025-05-13
259,124,1504,Business Associate,2025-05-13
260,125,2464,Business Associate,2025-04-06
261,125,2926,Business Associate,2023-10-21
262,125,1943,Business Associate,2022-09-29
263,126,1845,Business Associate,2024-07-12
264,127,4373,Business Associate,2025-05-05
265,127,3612,Business Associate,2025-05-05
266,127,3549,Business Associate,2025-05-05
267,128,4165,Business Associate,2024-10-10
268,128,4888,Business Associate,2024-09-01
269,129,3443,Business Associate,2024-12-23
270,130,870,Business Associate,2023-12-11
271,131,1698,Business Associate,2022-12-27
272,131,1116,Business Associate,2023-12-12
273,132,1580,Business Associate,2021-12-15
274,133,2448,Business Associate,2023-10-30
275,133,1311,Business Associate,2024-03-22
276,133,3682,Business Associate,2023-07-12
277,134,3927,Business Associate,2023-07-06
278,134,1521,Business Associate,2023-07-06
279,135,3491,Business Associate,2021-09-10
280,136,4977,Business Associate,2023-10-27
281,137,4902,Business Associate,2023-04-21
282,137,4964,Business Associate,2024-07-05
283,137,4638,Business Associate,2021-04-08
284,138,3125,Business Associate,2024-08-16
285,139,896,Business Associate,2025-04-01
286,139,2322,Business Associate,2025-04-01
287,139,4490,Business Associate,2025-06-25
288,140,2291,Business Associate,2021-07-21
289,141,2575,Business Associate,2023-07-17
290,142,2790,Business Associate,2024-03-03
291,142,3989,Business Associate,2025-05-20
292,143,4470,Business Associate,2024-08-12
293,143,4292,Business Associate,2023-04-16
294,144,894,Business Associate,2022-10-26
295,145,2346,Business Associate,2023-03-13
296,145,1966,Business Associate,2022-10-27
297,145,1041,Business Associate,2024-09-22
298,146,3950,Business Associate,2023-12-28
299,147,3606,Business Associate,2025-05-06
300,147,4552,Business Associate,2025-05-06
301,147,3916,Business Associate,2025-05-29
302,148,1316,Business Associate,2023-01-16
303,148,2909,Business Associate,2022-11-13
304,149,2878,Business Associate,2022-06-18
305,149,2377,Business Associate,2022-06-18
306,149,4787,Business Associate,2023-12-02
307,150,3817,Business Associate,2025-01-20
308,151,2943,Business Associate,2023-01-31
309,151,2367,Business Associate,2021-04-26
310,152,3077,Business Associate,2024-07-31
311,152,2679,Business Associate,2022-02-22
312,153,2456,Business Associate,2023-04-22
313,154,2628,Business Associate,2023-02-15
314,154,1810,Business Associate,2023-02-15
315,155,3619,Business Associate,2021-07-14
316,156,4120,Business Associate,2023-11-03
317,156,3341,Business Associate,2023-11-03
318,157,2375,Business Associate,2025-02-12
319,157,2905,Business Associate,2021-03-15
320,157,4328,Business Associate,2022-02-19
321,158,4230,Business Associate,2022-11-03
322,158,4535,Business Associate,2022-04-01
323,159,2213,Business Associate,2025-04-04
324,160,4341,Business Associate,2024-08-31
325,160,2617,Business Associate,2025-04-05
326,160,4771,Business Associate,2024-08-31
327,161,2310,Business Associate,2023-03-05
328,161,2073,Business Associate,2021-09-15
329,162,3889,Business Associate,2022-06-19
330,162,3015,Business Associate,2021-11-01
331,163,4120,Business Associate,2023-09-04
332,164,1438,Business Associate,2023-03-22
333,164,3027,Business Associate,2023-02-02
334,165,1806,Business Associate,2022-11-18
335,165,4345,Business Associate,2024-06-08
336,166,2988,Business Associate,2021-06-22
337,167,1880,Business Associate,2023-08-13
338,167,4885,Business Associate,2022-10-22
339,168,4750,Business Associate,2023-06-12
340,169,3876,Business Associate,2023-12-16
341,170,4492,Business Associate,2025-06-06
342,170,2784,Business Associate,2025-06-06
343,171,1250,Business Associate,2024-03-21
344,172,1871,Business Associate,2024-02-13
345,173,2138,Business Associate,2022-07-02
346,174,1987,Business Associate,2021-09-10
347,174,4016,Business Associate,2021-06-01
348,175,4707,Business Associate,2024-02-18
349,175,1727,Business Associate,2024-02-18
350,176,3795,Business Associate,2025-03-31
351,177,4953,Business Associate,2024-11-24
352,177,2581,Business Associate,2025-04-26
353,178,4649,Business Associate,2025-01-12
354,179,3538,Business Associate,2023-10-03
355,179,2001,Business Associate,2023-12-13
356,180,4834,Business Associate,2023-05-04
357,180,1320,Business Associate,2023-05-04
358,181,3694,Business Associate,2024-02-17
359,182,4514,Business Associate,2022-04-27
360,182,985,Business Associate,2023-03-16
361,183,2459,Business Associate,2024-11-02
362,184,1384,Business Associate,2022-08-02
363,184,2312,Business Associate,2025-03-06
364,184,4893,Business Associate,2022-08-02
365,185,3532,Business Associate,2022-05-20
366,185,4721,Business Associate,2021-12-23
367,186,4618,Business Associate,2025-02-27
368,186,3077,Business Associate,2024-07-31
369,186,2717,Business Associate,2023-06-27
370,187,1687,Business Associate,2025-04-08
371,187,2589,Business Associate,2025-04-26
372,188,4164,Business Associate,2025-04-11
373,188,2711,Business Associate,2025-04-11
374,189,2904,Business Associate,2025-03-21
375,189,2693,Business Associate,2025-03-21
376,189,4258,Business Associate,2025-03-21
377,190,3210,Business Associate,2021-08-19
378,190,4461,Business Associate,2021-09-01
379,191,4848,Business Associate,2025-04-23
380,191,2730,Business Associate,2025-02-24
381,191,4453,Business Associate,2024-03-01
382,192,2744,Business Associate,2022-11-13
383,192,2210,Business Associate,2021-10-29
384,193,3617,Business Associate,2022-12-28
385,193,2510,Business Associate,2024-01-31
386,194,1688,Business Associate,2023-07-24
387,194,4161,Business Associate,2024-08-09
388,194,3366,Business Associate,2025-05-07
389,195,4961,Business Associate,2025-05-01
390,195,3059,Business Associate,2024-06-27
391,196,3934,Business Associate,2023-08-05
392,196,1965,Business Associate,2021-07-05
393,196,1050,Business Associate,2025-04-08
394,197,4631,Business Associate,2025-01-10
395,198,1012,Business Associate,2024-04-15
396,199,4985,Business Associate,2022-05-15
397,199,983,Business Associate,2023-07-25
398,200,3060,Business Associate,2025-03-31
399,201,4648,Business Associate,2023-03-17
400,201,2636,Business Associate,2023-03-17
401,201,4021,Business Associate,2025-05-31
402,202,3246,Business Associate,2024-06-20
403,202,962,Business Associate,2024-06-13
404,202,4421,Business Associate,2024-06-13
405,203,4411,Business Associate,2024-11-06
406,203,2324,Business Associate,2023-08-23
407,204,1158,Business Associate,2023-11-20
408,205,4139,Business Associate,2023-10-07
409,205,3874,Business Associate,2023-10-07
410,206,3226,Business Associate,2022-10-26
411,207,1898,Business Associate,2024-05-20
412,207,1630,Business Associate,2023-10-16
413,208,1492,Business Associate,2024-12-10
414,208,3873,Business Associate,2024-12-10
415,209,4222,Business Associate,2023-07-23
416,209,4968,Business Associate,2024-11-16
417,209,4847,Business Associate,2024-06-27
418,210,3935,Business Associate,2024-07-22
419,211,4657,Business Associate,2024-10-02
420,211,3924,Business Associate,2024-10-02
421,212,3231,Business Associate,2023-03-16
422,212,4566,Business Associate,2024-05-11
423,212,3062,Business Associate,2023-03-16
424,213,798,Business Associate,2023-07-07
425,213,2433,Business Associate,2023-07-07
426,214,4395,Business Associate,2023-12-24
427,214,1773,Business Associate,2022-03-28
428,215,1753,Business Associate,2022-04-16
429,216,4758,Business Associate,2023-07-09
430,216,2279,Business Associate,2022-10-26
431,217,4466,Business Associate,2025-06-15
432,218,2070,Business Associate,2023-04-10
433,218,4665,Business Associate,2023-08-13
434,218,4658,Business Associate,2024-11-22
435,219,2750,Business Associate,2024-08-02
436,220,2805,Business Associate,2023-04-01
437,221,1407,Business Associate,2024-09-16
438,221,1815,Business Associate,2024-06-13
439,221,1640,Business Associate,2024-06-13
440,222,4149,Business Associate,2022-10-06
441,223,1086,Business Associate,2025-04-23
442,223,4878,Business Associate,2025-02-04
443,224,4503,Business Associate,2025-04-26
444,225,903,Business Associate,2024-05-31
445,225,2258,Business Associate,2022-06-16
446,226,3997,Business Associate,2025-06-23
447,227,2115,Business Associate,2025-03-21
448,228,1369,Business Associate,2025-04-15
449,229,3324,Business Associate,2024-11-04
450,229,1814,Business Associate,2024-11-04
451,229,1563,Business Associate,2024-11-04
452,230,1835,Business Associate,2023-01-20
453,231,4142,Business Associate,2022-05-21
454,232,3164,Business Associate,2024-03-04
455,233,803,Business Associate,2023-04-11
456,233,2023,Business Associate,2023-04-11
457,234,2532,Business Associate,2024-06-20
458,234,3768,Business Associate,2024-06-20
459,234,4364,Business Associate,2024-06-20
460,235,3088,Business Associate,2024-11-07
461,235,3462,Business Associate,2024-05-30
462,235,3513,Business Associate,2024-05-30
463,236,4314,Business Associate,2024-10-08
464,236,2887,Business Associate,2023-04-30
465,237,2346,Business Associate,2024-11-28
466,237,1291,Business Associate,2024-11-28
467,238,1682,Business Associate,2024-07-19
468,239,4032,Business Associate,2024-10-16
469,239,4170,Business Associate,2024-09-26
470,240,4043,Business Associate,2024-07-17
471,240,1008,Business Associate,2022-10-25
472,241,4178,Business Associate,2025-05-09
473,242,1808,Business Associate,2025-03-09
474,243,2007,Business Associate,2025-01-19
475,244,3846,Business Associate,2022-08-25
476,244,1996,Business Associate,2021-12-09
477,245,1731,Business Associate,2025-04-11
478,245,3242,Business Associate,2025-04-11
479,246,2586,Business Associate,2025-06-18
480,246,1997,Business Associate,2023-06-17
481,246,3579,Business Associate,2025-03-09
482,247,3366,Business Associate,2025-06-10
483,247,3478,Business Associate,2025-06-10
484,248,3704,Business Associate,2024-03-27
485,248,897,Business Associate,2024-12-21
486,249,3441,Business Associate,2024-02-06
487,249,2645,Business Associate,2024-02-06
488,250,4130,Business Associate,2024-02-23
489,250,768,Business Associate,2022-01-14
490,250,1517,Business Associate,2023-02-22
491,251,2916,Business Associate,2024-09-06
492,251,2879,Business Associate,2025-06-07
493,251,4383,Business Associate,2024-09-06
494,252,2071,Business Associate,2022-09-15
495,252,3122,Business Associate,2022-01-25
496,253,2033,Business Associate,2022-07-30
497,253,4377,Business Associate,2025-01-25
498,253,1120,Business Associate,2021-12-04
499,254,4700,Business Associate,2022-06-28
500,255,3323,Business Associate,2024-02-23
501,255,1483,Business Associate,2023-09-26
502,256,3941,Business Associate,2023-08-08
503,256,4526,Business Associate,2023-03-14
504,256,2016,Business Associate,2024-01-12
505,257,4102,Business Associate,2025-01-08
506,257,965,Business Associate,2023-04-02
507,258,1983,Business Associate,2022-11-19
508,258,2985,Business Associate,2023-04-12
509,258,2510,Business Associate,2024-01-31
510,259,2070,Business Associate,2023-04-10
511,259,2077,Business Associate,2024-10-08
512,259,2894,Business Associate,2023-06-01
513,260,4267,Business Associate,2023-12-05
514,261,2473,Business Associate,2023-05-08
515,262,962,Business Associate,2024-05-16
516,262,4791,Business Associate,2024-12-06
517,262,4690,Business Associate,2024-05-16
518,263,2456,Business Associate,2024-01-27
519,263,4098,Business Associate,2024-01-27
520,263,1753,Business Associate,2024-01-27
521,264,3079,Business Associate,2023-09-23
522,264,1693,Business Associate,2024-12-09
523,265,2465,Business Associate,2025-02-07
524,265,4047,Business Associate,2021-06-19
525,266,2193,Business Associate,2025-04-16
526,267,962,Business Associate,2023-08-31
527,268,3989,Business Associate,2025-05-20
528,269,1914,Business Associate,2023-12-19
529,269,3207,Business Associate,2024-02-25
530,270,4042,Business Associate,2022-10-07
531,270,1189,Business Associate,2025-05-09
532,270,2178,Business Associate,2022-05-17
533,271,4413,Business Associate,2022-09-07
534,271,1370,Business Associate,2025-02-23
535,271,2095,Business Associate,2022-12-09
536,272,4254,Business Associate,2025-03-25
537,272,4864,Business Associate,2025-05-09
538,273,1841,Business Associate,2025-02-06
539,273,3651,Business Associate,2025-02-06
540,274,983,Business Associate,2023-07-25
541,275,3677,Business Associate,2024-07-21
542,275,1314,Business Associate,2025-06-16
543,275,936,Business Associate,2021-09-11
544,276,856,Business Associate,2024-08-25
545,276,2172,Business Associate,2024-10-18
546,277,1473,Business Associate,2023-01-16
547,277,1127,Business Associate,2021-03-12
548,278,3457,Business Associate,2024-02-14
549,278,3935,Business Associate,2023-12-02
550,278,2549,Business Associate,2025-02-15
551,279,4293,Business Associate,2023-04-11
552,279,1341,Business Associate,2024-08-13
553,279,4132,Business Associate,2024-08-10
554,280,3309,Business Associate,2021-08-19
555,280,4805,Business Associate,2021-08-19
556,280,4732,Business Associate,2024-11-27
557,281,4179,Business Associate,2023-09-22
558,282,4728,Business Associate,2024-11-13
559,282,2235,Business Associate,2024-11-13
560,283,3313,Business Associate,2024-09-30
561,283,1500,Business Associate,2024-09-30
562,283,4239,Business Associate,2024-09-30
563,284,2954,Business Associate,2025-05-11
564,285,2744,Business Associate,2023-04-26
565,285,3877,Business Associate,2023-04-26
566,285,4709,Business Associate,2024-07-02
567,286,1161,Business Associate,2025-01-21
568,286,938,Business Associate,2023-12-09
569,287,3024,Business Associate,2024-04-18
570,287,2947,Business Associate,2024-04-18
571,287,896,Business Associate,2024-07-26
572,288,3097,Business Associate,2023-03-28
573,288,928,Business Associate,2023-06-01
574,288,1614,Business Associate,2024-10-21
575,289,3551,Business Associate,2025-05-28
576,290,1643,Business Associate,2022-12-29
577,290,1140,Business Associate,2022-12-29
578,290,3243,Business Associate,2025-05-15
579,291,3809,Business Associate,2022-10-08
580,291,3574,Business Associate,2024-11-10
581,291,2025,Business Associate,2022-10-08
582,292,3777,Business Associate,2024-01-30
583,292,3126,Business Associate,2024-12-01
584,292,4482,Business Associate,2024-05-19
585,293,1496,Business Associate,2021-08-13
586,293,3987,Business Associate,2023-03-18
587,293,1535,Business Associate,2021-09-23
588,294,1878,Business Associate,2024-09-02
589,294,4928,Business Associate,2025-05-06
590,294,1334,Business Associate,2024-09-02
591,295,902,Business Associate,2021-06-14
592,296,3707,Business Associate,2024-03-14
593,297,2662,Business Associate,2025-06-05
594,297,1926,Business Associate,2025-06-05
595,297,2529,Business Associate,2025-06-05
596,298,1753,Business Associate,2021-04-29
597,299,1597,Business Associate,2024-05-02
598,299,4632,Business Associate,2024-05-02
599,300,4338,Business Associate,2025-05-14
600,300,1079,Business Associate,2022-08-13
601,300,2485,Business Associate,2022-09-27
602,301,4600,Business Associate,2023-04-27
603,301,1869,Business Associate,2024-05-31
604,302,4942,Business Associate,2023-10-09
605,303,3732,Business Associate,2024-05-16
606,304,1076,Business Associate,2023-11-28
607,304,1966,Business Associate,2023-11-28
608,304,1649,Business Associate,2025-05-26
609,305,2716,Business Associate,2021-03-03
610,305,4225,Business Associate,2021-08-17
611,306,1697,Business Associate,2024-12-05
612,307,4252,Business Associate,2024-03-02
613,308,1972,Business Associate,2024-08-13
614,308,2289,Business Associate,2023-04-25
615,309,4472,Business Associate,2023-12-07
616,310,1904,Business Associate,2025-02-21
617,311,3020,Business Associate,2022-06-02
618,311,4570,Business Associate,2025-02-04
619,311,3965,Business Associate,2022-07-27
620,312,2193,Business Associate,2023-06-04
621,312,4663,Business Associate,2024-12-09
622,312,4266,Business Associate,2022-12-09
623,313,3846,Business Associate,2022-08-25
624,313,4382,Business Associate,2024-06-30
625,314,1009,Business Associate,2024-04-06
626,314,1926,Business Associate,2025-05-14
627,315,4329,Business Associate,2025-02-25
628,315,2203,Business Associate,2025-02-03
629,315,1717,Business Associate,2024-01-25
630,316,1357,Business Associate,2023-01-28
631,316,4374,Business Associate,2022-04-17
632,317,1413,Business Associate,2024-02-14
633,317,1688,Business Associate,2023-07-24
634,317,3674,Business Associate,2023-05-21
635,318,2087,Business Associate,2024-03-13
636,319,3435,Business Associate,2024-03-15
637,319,4448,Business Associate,2024-03-15
638,320,1792,Business Associate,2024-10-02
639,320,3619,Business Associate,2024-06-30
640,321,1110,Business Associate,2025-02-23
641,322,3491,Business Associate,2025-01-27
642,323,4456,Business Associate,2024-04-26
643,323,1097,Business Associate,2024-04-26
644,323,3064,Business Associate,2024-09-14
645,324,1106,Business Associate,2025-01-23
646,324,3296,Business Associate,2023-12-01
647,325,2730,Business Associate,2025-05-07
648,325,3935,Business Associate,2025-05-07
649,326,4939,Business Associate,2021-05-23
650,326,824,Business Associate,2022-05-11
651,326,2781,Business Associate,2023-09-09
652,327,2134,Business Associate,2022-06-14
653,327,4836,Business Associate,2024-06-24
654,327,1134,Business Associate,2024-11-01
655,328,2934,Business Associate,2025-04-26
656,328,4131,Business Associate,2025-03-19
657,328,1083,Business Associate,2025-03-19
658,329,3323,Business Associate,2024-02-23
659,330,3024,Business Associate,2023-12-22
660,330,2223,Business Associate,2023-12-22
661,330,1894,Business Associate,2024-02-18
662,331,4348,Business Associate,2025-03-11
663,332,2246,Business Associate,2024-09-04
664,332,4773,Business Associate,2025-02-20
665,332,3930,Business Associate,2024-08-18
666,333,3937,Business Associate,2023-07-17
667,333,2795,Business Associate,2024-10-22
668,334,1347,Business Associate,2023-09-23
669,334,1459,Business Associate,2025-05-19
670,334,2385,Business Associate,2023-12-16
671,335,4126,Business Associate,2023-03-09
672,335,4357,Business Associate,2021-10-20
673,336,1414,Business Associate,2025-06-23
674,337,3583,Business Associate,2024-09-07
675,338,3618,Business Associate,2024-07-27
676,338,1820,Business Associate,2025-06-15
677,338,812,Business Associate,2024-07-27
678,339,1329,Business Associate,2024-02-08
679,340,2560,Business Associate,2024-10-08
680,340,4386,Business Associate,2024-10-08
681,340,2948,Business Associate,2024-10-08
682,341,4593,Business Associate,2024-07-13
683,341,3365,Business Associate,2024-09-10
684,341,4773,Business Associate,2025-02-20
685,342,3663,Business Associate,2024-07-04
686,343,3819,Business Associate,2025-02-18
687,343,2433,Business Associate,2025-02-18
688,344,1742,Business Associate,2021-09-22
689,345,4188,Business Associate,2023-09-09
690,345,1494,Business Associate,2023-01-27
691,345,4195,Business Associate,2023-10-24
692,346,2508,Business Associate,2024-11-05
693,346,4660,Business Associate,2024-07-26
694,346,4119,Business Associate,2022-12-15
695,347,4068,Business Associate,2025-04-29
696,347,991,Business Associate,2025-04-29
697,347,2710,Business Associate,2025-04-29
698,348,1613,Business Associate,2023-01-11
699,348,3431,Business Associate,2023-03-25
700,349,885,Business Associate,2025-03-19
701,350,4244,Business Associate,2023-07-04
702,351,4201,Business Associate,2022-10-27
703,352,3135,Business Associate,2022-06-29
704,352,4131,Business Associate,2022-06-29
705,353,4325,Business Associate,2022-02-24
706,353,1102,Business Associate,2024-04-14
707,354,756,Business Associate,2024-05-25
708,354,4371,Business Associate,2024-05-25
709,354,4127,Business Associate,2024-12-19
710,355,3384,Business Associate,2022-07-01
711,356,4605,Business Associate,2023-10-08
712,356,3401,Business Associate,2023-10-08
713,357,782,Business Associate,2021-04-28
714,357,2234,Business Associate,2021-04-14
715,358,1719,Business Associate,2023-07-20
716,358,3693,Business Associate,2023-09-08
717,359,2316,Business Associate,2023-10-03
718,360,914,Business Associate,2025-02-27
719,360,4819,Business Associate,2025-02-27
720,360,4133,Business Associate,2025-02-27
721,361,1486,Business Associate,2024-11-26
722,361,3401,Business Associate,2024-11-26
723,361,1418,Business Associate,2024-11-26
724,362,3837,Business Associate,2021-08-04
725,362,4297,Business Associate,2023-08-20
726,363,3940,Business Associate,2022-02-20
727,364,3037,Business Associate,2022-08-04
728,364,4273,Business Associate,2022-08-04
729,365,4100,Business Associate,2022-05-28
730,366,4321,Business Associate,2022-11-13
731,367,3315,Business Associate,2025-01-30
732,367,3767,Business Associate,2025-01-30
733,368,1230,Business Associate,2023-10-26
734,369,2543,Business Associate,2024-06-09
735,370,2438,Business Associate,2024-07-12
736,371,2677,Business Associate,2023-01-15
737,371,4471,Business Associate,2023-05-15
738,372,940,Business Associate,2024-10-20
739,372,2287,Business Associate,2025-02-04
740,373,3453,Business Associate,2024-06-24
741,373,3020,Business Associate,2024-06-24
742,373,840,Business Associate,2024-06-24
743,374,1889,Business Associate,2023-09-28
744,374,2977,Business Associate,2024-06-22
745,374,3114,Business Associate,2024-10-25
746,375,3507,Business Associate,2024-11-24
747,376,2063,Business Associate,2023-08-22
748,376,1454,Business Associate,2022-01-03
749,377,3643,Business Associate,2024-08-12
750,378,3288,Business Associate,2025-01-16
751,378,898,Business Associate,2022-10-08
752,378,3789,Business Associate,2023-10-27
753,379,2196,Business Associate,2024-06-01
754,379,3744,Business Associate,2023-12-14
755,379,3304,Business Associate,2021-07-27
756,380,4911,Business Associate,2024-02-21
757,380,2975,Business Associate,2023-01-23
758,380,2821,Business Associate,2023-01-23
759,381,1116,Business Associate,2023-12-12
760,381,828,Business Associate,2024-12-27
761,382,1865,Business Associate,2024-04-22
762,383,4327,Business Associate,2025-05-06
763,383,2247,Business Associate,2025-05-03
764,383,2085,Business Associate,2025-05-03
765,384,4658,Business Associate,2024-11-22
766,385,2383,Business Associate,2025-02-15
767,386,4738,Business Associate,2025-06-05
768,386,1981,Business Associate,2025-06-05
769,386,775,Business Associate,2025-06-05
770,387,1927,Business Associate,2025-05-16
771,388,3456,Business Associate,2024-02-16
772,388,1843,Business Associate,2025-02-19
773,388,4283,Business Associate,2024-02-16
774,389,3022,Business Associate,2023-11-06
775,389,4205,Business Associate,2023-11-06
776,389,3116,Business Associate,2024-09-19
777,390,1601,Business Associate,2023-12-31
778,391,2769,Business Associate,2024-03-14
779,391,4145,Business Associate,2024-08-13
780,392,4859,Business Associate,2024-03-22
781,392,1838,Business Associate,2025-05-05
782,392,3014,Business Associate,2022-02-03
783,393,2471,Business Associate,2024-11-16
784,394,4738,Business Associate,2023-11-15
785,394,2309,Business Associate,2024-10-16
786,395,4251,Business Associate,2024-12-03
787,396,1213,Business Associate,2023-05-18
788,397,913,Business Associate,2024-06-14
789,398,1877,Business Associate,2022-12-30
790,399,1504,Business Associate,2023-10-27
791,399,1650,Business Associate,2023-10-27
792,399,3266,Business Associate,2023-10-27
793,400,2726,Business Associate,2023-06-11
794,400,4162,Business Associate,2025-03-02
795,401,4958,Business Associate,2023-12-29
796,402,1111,Business Associate,2025-06-11
797,403,1684,Business Associate,2023-10-01
798,404,1559,Business Associate,2022-12-06
799,404,3926,Business Associate,2022-12-06
800,405,2065,Business Associate,2025-05-21
801,405,4165,Business Associate,2024-10-10
802,405,4499,Business Associate,2023-07-24
803,406,3799,Business Associate,2024-10-19
804,406,1525,Business Associate,2024-10-19
805,407,2061,Business Associate,2023-12-22
806,407,1643,Business Associate,2022-07-20
807,407,2887,Business Associate,2022-10-16
808,408,3856,Business Associate,2024-11-06
809,408,1129,Business Associate,2024-11-06
810,408,2296,Business Associate,2024-11-06
811,409,1047,Business Associate,2023-10-17
812,409,1539,Business Associate,2024-01-07
813,410,1937,Business Associate,2025-05-27
814,410,2689,Business Associate,2024-11-01
815,411,2209,Business Associate,2023-07-22
816,412,4719,Business Associate,2025-03-31
817,412,3521,Business Associate,2022-08-15
818,413,3705,Business Associate,2025-05-21
819,413,887,Business Associate,2025-05-21
820,413,1720,Business Associate,2025-05-21
821,414,2429,Business Associate,2024-05-11
822,414,2342,Business Associate,2024-02-03
823,415,3471,Business Associate,2025-03-30
824,415,3756,Business Associate,2024-06-22
825,416,4967,Business Associate,2023-02-11
826,416,3880,Business Associate,2024-09-11
827,416,2995,Business Associate,2023-08-24
828,417,2769,Business Associate,2022-02-24
829,418,1810,Business Associate,2021-12-29
830,418,2197,Business Associate,2021-12-29
831,418,4106,Business Associate,2021-12-29
832,419,1070,Business Associate,2022-10-18
833,419,1983,Business Associate,2022-11-19
834,420,1379,Business Associate,2024-03-29
835,420,4651,Business Associate,2024-06-18
836,421,3588,Business Associate,2023-08-21
837,422,4006,Business Associate,2025-04-14
838,422,3706,Business Associate,2025-05-17
839,422,787,Business Associate,2025-04-14
840,423,1623,Business Associate,2021-12-18
841,424,3146,Business Associate,2022-11-27
842,424,4678,Business Associate,2024-08-31
843,424,1460,Business Associate,2022-08-10
844,425,1083,Business Associate,2023-01-25
845,425,883,Business Associate,2023-01-25
846,426,4701,Business Associate,2024-03-06
847,426,2669,Business Associate,2024-03-06
848,427,3453,Business Associate,2023-03-09
849,428,2574,Business Associate,2023-08-07
850,428,1371,Business Associate,2023-08-07
851,429,3513,Business Associate,2023-06-16
852,430,3866,Business Associate,2025-01-21
853,430,3194,Business Associate,2022-08-22
854,431,1432,Business Associate,2022-03-28
855,432,3907,Business Associate,2024-11-01
856,432,3249,Business Associate,2024-11-01
857,433,4727,Business Associate,2021-01-29
858,433,2788,Business Associate,2025-03-14
859,434,882,Business Associate,2024-03-10
860,434,4613,Business Associate,2024-10-11
861,435,1130,Business Associate,2023-07-16
862,435,3869,Business Associate,2025-03-17
863,436,2255,Business Associate,2025-04-28
864,436,790,Business Associate,2025-04-28
865,436,4923,Business Associate,2025-04-28
866,437,2281,Business Associate,2024-02-27
867,437,1472,Business Associate,2025-03-23
868,437,905,Business Associate,2025-02-05
869,438,3208,Business Associate,2023-10-01
870,438,1695,Business Associate,2023-10-01
871,438,4299,Business Associate,2024-03-27
872,439,2521,Business Associate,2023-08-12
873,439,2232,Business Associate,2024-08-24
874,440,925,Business Associate,2022-10-27
875,440,917,Business Associate,2023-12-09
876,441,4641,Business Associate,2023-09-13
877,441,4195,Business Associate,2023-10-24
878,441,2799,Business Associate,2022-12-24
879,442,2910,Business Associate,2023-05-21
880,442,850,Business Associate,2023-05-21
881,442,1050,Business Associate,2025-04-08
882,443,3294,Business Associate,2025-05-06
883,443,4940,Business Associate,2025-05-06
884,444,3633,Business Associate,2025-04-06
885,445,3724,Business Associate,2025-06-14
886,445,4222,Business Associate,2023-07-23
887,445,2998,Business Associate,2024-12-05
888,446,2874,Business Associate,2024-04-14
889,447,3622,Business Associate,2025-02-17
890,447,4969,Business Associate,2025-02-17
891,448,999,Business Associate,2021-10-11
892,448,3695,Business Associate,2023-09-29
893,448,2655,Business Associate,2021-10-11
894,449,4220,Business Associate,2024-02-16
895,450,2216,Business Associate,2022-09-10
896,451,4558,Business Associate,2022-07-29
897,451,2833,Business Associate,2025-03-11
898,452,2180,Business Associate,2021-01-21
899,452,3283,Business Associate,2022-11-30
900,453,2070,Business Associate,2023-04-10
901,453,2624,Business Associate,2023-03-22
902,453,3596,Business Associate,2024-03-09
903,454,2831,Business Associate,2022-04-08
904,454,2033,Business Associate,2022-07-30
905,454,972,Business Associate,2025-06-29
906,455,2771,Business Associate,2024-11-20
907,455,4894,Business Associate,2024-08-24
908,456,4018,Business Associate,2023-01-02
909,456,1450,Business Associate,2023-01-02
910,456,4205,Business Associate,2023-04-15
911,457,2362,Business Associate,2021-08-12
912,457,2476,Business Associate,2023-11-01
913,457,4808,Business Associate,2024-01-12
914,458,1587,Business Associate,2022-12-29
915,458,3040,Business Associate,2025-05-03
916,458,2691,Business Associate,2024-02-13
917,459,4029,Business Associate,2023-05-11
918,459,1965,Business Associate,2022-08-10
919,460,2080,Business Associate,2025-06-27
920,461,3093,Business Associate,2022-09-17
921,461,4582,Business Associate,2024-05-12
922,461,4634,Business Associate,2023-07-31
923,462,1487,Business Associate,2023-06-26
924,463,3245,Business Associate,2021-08-29
925,463,4751,Business Associate,2023-12-04
926,463,1416,Business Associate,2025-02-16
927,464,3751,Business Associate,2024-12-24
928,465,1327,Business Associate,2024-10-31
929,466,4777,Business Associate,2024-10-22
930,466,3267,Business Associate,2024-11-08
931,466,4435,Business Associate,2024-10-22
932,467,3824,Business Associate,2023-01-06
933,467,3334,Business Associate,2024-02-11
934,467,1112,Business Associate,2025-02-03
935,468,3247,Business Associate,2023-12-24
936,468,4899,Business Associate,2024-01-30
937,469,3673,Business Associate,2025-05-21
938,469,3424,Business Associate,2025-05-21
939,470,1022,Business Associate,2021-06-26
940,471,1302,Business Associate,2024-03-15
941,471,1711,Business Associate,2022-08-12
942,471,1221,Business Associate,2022-08-12
943,472,3920,Business Associate,2023-04-29
944,473,1116,Business Associate,2023-12-12
945,473,4298,Business Associate,2022-04-28
946,473,2159,Business Associate,2023-10-22
947,474,3864,Business Associate,2022-10-22
948,474,4400,Business Associate,2022-10-22
949,474,2520,Business Associate,2025-01-21
950,475,2866,Business Associate,2023-05-14
951,475,3585,Business Associate,2023-11-18
952,475,1814,Business Associate,2023-05-14
953,476,2845,Business Associate,2025-03-16
954,476,1697,Business Associate,2025-03-16
955,477,3556,Business Associate,2024-09-10
956,477,4615,Business Associate,2024-09-08
957,478,1745,Business Associate,2021-08-19
958,478,3019,Business Associate,2024-05-04
959,478,2181,Business Associate,2022-02-16
960,479,1373,Business Associate,2025-04-18
961,479,3540,Business Associate,2025-04-18
962,479,1572,Business Associate,2025-04-18
963,480,3951,Business Associate,2023-01-12
964,480,2794,Business Associate,2022-09-07
965,481,3310,Business Associate,2023-03-04
966,481,4747,Business Associate,2025-02-15
967,482,1247,Business Associate,2022-03-30
968,483,4314,Business Associate,2024-10-08
969,483,3507,Business Associate,2024-09-25
970,484,3891,Business Associate,2024-11-10
971,484,1905,Business Associate,2024-11-10
972,484,4773,Business Associate,2025-02-20
973,485,4854,Business Associate,2022-07-21
974,485,1501,Business Associate,2023-04-26
975,485,896,Business Associate,2024-07-26
976,486,1989,Business Associate,2023-04-08
977,486,3714,Business Associate,2024-12-03
978,486,4888,Business Associate,2024-09-01
979,487,4525,Business Associate,2023-09-30
980,487,2789,Business Associate,2024-02-11
981,487,4847,Business Associate,2024-06-27
982,488,3010,Business Associate,2024-08-21
983,488,3032,Business Associate,2024-08-21
984,489,2389,Business Associate,2025-04-04
985,489,3849,Business Associate,2025-04-04
986,489,3334,Business Associate,2025-04-04
987,490,1900,Business Associate,2025-02-10
988,490,3107,Business Associate,2025-02-10
989,490,3301,Business Associate,2025-02-10
990,491,3147,Business Associate,2021-07-25
991,491,1780,Business Associate,2021-07-25
992,491,3686,Business Associate,2022-02-24
993,492,2578,Business Associate,2025-06-08
994,492,2341,Business Associate,2025-06-08
995,492,3780,Business Associate,2025-06-08
996,493,1367,Business Associate,2022-10-31
997,494,932,Business Associate,2024-01-26
998,495,2971,Business Associate,2023-09-11
999,496,1205,Business Associate,2022-03-25
1000,496,2982,Business Associate,2021-08-07
1001,497,770,Business Associate,2023-09-11
1002,497,1602,Business Associate,2023-09-11
1003,497,1361,Business Associate,2023-09-11
1004,498,2047,Business Associate,2025-05-16
1005,498,3027,Business Associate,2023-02-02
1006,498,1791,Business Associate,2025-03-06
1007,499,1245,Business Associate,2022-03-09
1008,500,4256,Business Associate,2025-03-04
1009,500,1346,Business Associate,2023-02-11
1010,500,1063,Business Associate,2023-02-11
1011,501,1804,Business Associate,2023-07-31
1012,501,1833,Business Associate,2022-07-15
1013,501,1641,Business Associate,2022-07-15
1014,502,2091,Business Associate,2025-05-14
1015,502,3281,Business Associate,2025-05-14
1016,502,4677,Business Associate,2025-05-14
1017,503,1249,Business Associate,2023-08-31
1018,504,2867,Business Associate,2023-04-24
1019,504,4190,Business Associate,2025-05-08
1020,504,856,Business Associate,2022-09-04
1021,505,1460,Business Associate,2025-05-10
1022,505,2916,Business Associate,2025-05-10
1023,505,4947,Business Associate,2025-05-10
1024,506,4677,Business Associate,2023-10-08
1025,507,1958,Business Associate,2022-12-12
1026,507,1837,Business Associate,2024-11-09
1027,507,1658,Business Associate,2022-12-12
1028,508,4230,Business Associate,2022-11-03
1029,509,842,Business Associate,2023-02-13
1030,509,1606,Business Associate,2024-02-02
1031,510,2085,Business Associate,2025-06-10
1032,510,1948,Business Associate,2025-06-10
1033,510,1195,Business Associate,2025-06-10
1034,511,3772,Business Associate,2024-04-08
1035,511,2889,Business Associate,2024-04-08
1036,511,3637,Business Associate,2024-04-08
1037,512,1678,Business Associate,2025-05-12
1038,512,2734,Business Associate,2024-11-11
1039,512,4308,Business Associate,2023-11-09
1040,513,4254,Business Associate,2025-02-06
1041,513,1025,Business Associate,2025-02-06
1042,514,3947,Business Associate,2023-02-08
1043,514,4049,Business Associate,2021-07-03
1044,514,2762,Business Associate,2023-08-14
1045,515,4731,Business Associate,2021-11-28
1046,516,974,Business Associate,2024-08-29
1047,517,4589,Business Associate,2023-04-24
1048,517,2436,Business Associate,2021-10-06
1049,517,3345,Business Associate,2023-07-16
1050,518,868,Business Associate,2024-08-02
1051,519,4726,Business Associate,2022-03-03
1052,520,3292,Business Associate,2025-06-28
1053,520,2956,Business Associate,2024-12-18
1054,521,1188,Business Associate,2024-06-30
1055,521,4587,Business Associate,2023-04-23
1056,522,3306,Business Associate,2021-11-30
1057,523,3831,Business Associate,2022-10-08
1058,524,765,Business Associate,2023-09-18
1059,524,3191,Business Associate,2023-09-18
1060,525,4255,Business Associate,2024-05-30
1061,526,4987,Business Associate,2022-02-13
1062,526,1810,Business Associate,2022-02-13
1063,527,4566,Business Associate,2025-04-06
1064,527,2696,Business Associate,2025-04-06
1065,528,1628,Business Associate,2024-06-01
1066,528,752,Business Associate,2024-07-09
1067,529,3726,Business Associate,2023-07-22
1068,530,4719,Business Associate,2025-03-31
1069,530,3480,Business Associate,2022-07-18
1070,530,2009,Business Associate,2023-10-24
1071,531,3784,Business Associate,2023-12-10
1072,532,2047,Business Associate,2025-05-16
1073,532,3311,Business Associate,2023-09-21
1074,533,1115,Business Associate,2025-03-27
1075,534,2159,Business Associate,2023-10-22
1076,534,2482,Business Associate,2024-11-17
1077,534,2631,Business Associate,2023-08-07
1078,535,2047,Business Associate,2025-05-16
1079,535,1918,Business Associate,2024-02-11
1080,535,4556,Business Associate,2024-12-07
1081,536,4940,Business Associate,2025-04-15
1082,537,3843,Business Associate,2024-05-03
1083,537,1104,Business Associate,2024-05-03
1084,537,1759,Business Associate,2024-05-03
1085,538,4618,Business Associate,2025-02-27
1086,539,1237,Business Associate,2024-10-16
1087,540,3920,Business Associate,2024-11-01
1088,541,1777,Business Associate,2022-06-14
1089,541,4706,Business Associate,2024-04-12
1090,541,4327,Business Associate,2025-05-06
1091,542,3715,Business Associate,2025-05-28
1092,542,2866,Business Associate,2025-05-28
1093,542,2528,Business Associate,2025-05-28
1094,543,2524,Business Associate,2023-04-15
1095,543,3118,Business Associate,2025-06-24
1096,543,1412,Business Associate,2023-11-18
1097,544,3426,Business Associate,2024-01-17
1098,545,4138,Business Associate,2024-04-26
1099,545,4450,Business Associate,2024-04-26
1100,545,1132,Business Associate,2025-05-27
1101,546,4152,Business Associate,2023-08-31
1102,546,3249,Business Associate,2023-08-31
1103,546,2385,Business Associate,2023-12-16
1104,547,2138,Business Associate,2022-07-02
1105,547,3854,Business Associate,2022-02-12
1106,548,994,Business Associate,2024-09-23
1107,548,3815,Business Associate,2023-06-02
1108,548,3312,Business Associate,2023-06-02
1109,549,4306,Business Associate,2025-02-21
1110,550,3418,Business Associate,2023-12-23
1111,550,1136,Business Associate,2024-05-27
1112,550,931,Business Associate,2024-10-06
1113,551,4763,Business Associate,2021-11-30
1114,551,1925,Business Associate,2024-03-17
1115,551,1851,Business Associate,2021-11-30
1116,552,2122,Business Associate,2021-12-04
1117,553,820,Business Associate,2022-03-24
1118,554,2650,Business Associate,2024-11-20
1119,554,1697,Business Associate,2024-09-11
1120,554,2480,Business Associate,2024-09-11
1121,555,3719,Business Associate,2023-12-28
1122,555,3516,Business Associate,2023-10-10
1123,555,1638,Business Associate,2025-04-05
1124,556,1262,Business Associate,2023-03-11
1125,557,2159,Business Associate,2023-10-22
1126,557,3906,Business Associate,2025-04-01
1127,557,4210,Business Associate,2021-04-03
1128,558,2173,Business Associate,2024-10-12
1129,558,3678,Business Associate,2024-10-12
1130,559,4556,Business Associate,2024-12-07
1131,560,4734,Business Associate,2025-02-07
1132,560,2442,Business Associate,2024-04-26
1133,561,4208,Business Associate,2024-02-20
1134,561,3312,Business Associate,2023-05-13
1135,562,1231,Business Associate,2023-05-07
1136,562,1366,Business Associate,2023-05-07
1137,563,4441,Business Associate,2024-07-23
1138,564,3844,Business Associate,2024-07-31
1139,565,3495,Business Associate,2024-10-31
1140,565,3183,Business Associate,2024-10-31
1141,565,3458,Business Associate,2024-10-31
1142,566,2284,Business Associate,2024-12-28
1143,566,4868,Business Associate,2024-12-28
1144,566,894,Business Associate,2024-12-28
1145,567,4773,Business Associate,2025-02-20
1146,567,2298,Business Associate,2025-03-18
1147,567,2223,Business Associate,2023-02-08
1148,568,3741,Business Associate,2023-05-23
1149,568,2139,Business Associate,2023-05-23
1150,569,1416,Business Associate,2025-02-16
1151,569,4500,Business Associate,2024-03-07
1152,570,4113,Business Associate,2023-03-20
1153,570,3635,Business Associate,2023-03-20
1154,570,2166,Business Associate,2023-03-20
1155,571,4682,Business Associate,2024-09-01
1156,572,2629,Business Associate,2023-04-02
1157,572,2294,Business Associate,2023-04-02
1158,573,3628,Business Associate,2025-06-15
1159,573,2599,Business Associate,2025-06-15
1160,574,2260,Business Associate,2022-06-29
1161,574,3220,Business Associate,2024-12-19
1162,575,2612,Business Associate,2023-06-25
1163,575,2007,Business Associate,2024-10-08
1164,576,3555,Business Associate,2024-03-26
1165,576,4620,Business Associate,2024-03-26
1166,576,3403,Business Associate,2024-03-26
1167,577,2542,Business Associate,2022-10-04
1168,577,2450,Business Associate,2021-09-09
1169,577,755,Business Associate,2024-05-06
1170,578,1452,Business Associate,2022-11-09
1171,578,4207,Business Associate,2022-10-24
1172,579,4792,Business Associate,2024-07-18
1173,579,2761,Business Associate,2024-07-18
1174,580,4039,Business Associate,2023-01-05
1175,581,4607,Business Associate,2024-09-10
1176,581,3093,Business Associate,2023-10-17
1177,581,1393,Business Associate,2023-10-17
1178,582,2544,Business Associate,2024-04-11
1179,582,2218,Business Associate,2023-07-01
1180,583,2087,Business Associate,2023-10-09
1181,583,3526,Business Associate,2025-03-02
1182,584,956,Business Associate,2024-06-23
1183,584,2040,Business Associate,2024-06-23
1184,585,2475,Business Associate,2024-02-09
1185,585,2370,Business Associate,2024-07-09
1186,586,2342,Business Associate,2024-02-03
1187,586,2961,Business Associate,2023-10-01
1188,586,2188,Business Associate,2023-07-18
1189,587,2008,Business Associate,2021-06-06
1190,587,1426,Business Associate,2025-02-26
1191,587,3275,Business Associate,2023-09-25
1192,588,4308,Business Associate,2025-06-27
1193,588,1479,Business Associate,2025-06-27
1194,588,2240,Business Associate,2025-06-27
1195,589,4780,Business Associate,2024-01-01
1196,590,3514,Business Associate,2022-11-18
1197,590,1488,Business Associate,2023-06-28
1198,591,2054,Business Associate,2022-12-12
1199,591,1059,Business Associate,2023-09-21
1200,592,4709,Business Associate,2024-09-25
1201,592,3247,Business Associate,2024-09-25
1202,592,2029,Business Associate,2024-09-25
1203,593,2188,Business Associate,2025-05-14
1204,593,3193,Business Associate,2025-05-14
1205,593,3385,Business Associate,2025-05-14
1206,594,4973,Business Associate,2023-02-22
1207,594,1457,Business Associate,2024-09-27
1208,595,2022,Business Associate,2025-03-29
1209,595,4212,Business Associate,2025-03-29
1210,596,1049,Business Associate,2024-11-29
1211,596,1955,Business Associate,2024-11-29
1212,596,3330,Business Associate,2024-11-29
1213,597,2789,Business Associate,2024-02-11
1214,597,1057,Business Associate,2023-01-01
1215,597,4985,Business Associate,2023-01-01
1216,598,3310,Business Associate,2022-01-23
1217,598,2691,Business Associate,2024-02-13
1218,598,819,Business Associate,2023-08-05
1219,599,3345,Business Associate,2023-07-16
1220,600,1641,Business Associate,2024-06-14
1221,600,3461,Business Associate,2024-06-14
1222,601,4290,Business Associate,2025-01-23
1223,602,4405,Business Associate,2023-06-29
1224,602,2583,Business Associate,2023-06-29
1225,602,2668,Business Associate,2023-06-29
1226,603,4221,Business Associate,2025-05-06
1227,603,1990,Business Associate,2022-11-29
1228,604,1803,Business Associate,2025-01-20
1229,604,4969,Business Associate,2023-09-17
1230,604,1366,Business Associate,2023-09-17
1231,605,2045,Business Associate,2021-12-20
1232,605,1881,Business Associate,2023-09-29
1233,605,2442,Business Associate,2024-04-26
1234,606,2305,Business Associate,2025-01-28
1235,606,1281,Business Associate,2025-01-28
1236,606,2951,Business Associate,2025-01-28
1237,607,3440,Business Associate,2024-12-07
1238,607,807,Business Associate,2024-05-12
1239,607,1811,Business Associate,2024-05-12
1240,608,1936,Business Associate,2023-09-13
1241,609,1672,Business Associate,2024-08-23
1242,609,4319,Business Associate,2024-08-23
1243,610,2541,Business Associate,2023-01-01
1244,611,1685,Business Associate,2021-07-15
1245,612,3595,Business Associate,2023-11-22
1246,612,4757,Business Associate,2024-09-12
1247,612,3334,Business Associate,2024-02-11
1248,613,2250,Business Associate,2024-03-14
1249,613,2816,Business Associate,2024-06-01
1250,613,1394,Business Associate,2024-09-22
1251,614,3718,Business Associate,2025-03-01
1252,614,4041,Business Associate,2024-08-23
1253,614,2160,Business Associate,2024-08-23
1254,615,4951,Business Associate,2024-10-01
1255,615,3144,Business Associate,2024-01-04
1256,616,3851,Business Associate,2025-01-09
1257,617,1556,Business Associate,2024-10-18
1258,617,2824,Business Associate,2024-10-18
1259,617,1370,Business Associate,2025-02-23
1260,618,2735,Business Associate,2023-12-03
1261,618,824,Business Associate,2023-12-03
1262,619,1234,Business Associate,2025-02-13
1263,619,1006,Business Associate,2022-08-15
1264,619,3148,Business Associate,2022-06-12
1265,620,1709,Business Associate,2023-08-29
1266,620,4201,Business Associate,2022-07-12
1267,621,3427,Business Associate,2025-06-04
1268,622,2461,Business Associate,2024-04-04
1269,622,2639,Business Associate,2023-03-30
1270,623,4498,Business Associate,2024-11-24
1271,623,4154,Business Associate,2024-01-26
1272,624,2430,Business Associate,2024-10-22
1273,624,3337,Business Associate,2023-03-30
1274,625,1340,Business Associate,2022-10-03
1275,626,4015,Business Associate,2025-03-19
1276,626,2660,Business Associate,2025-03-19
1277,627,1916,Business Associate,2022-12-31
1278,628,1231,Business Associate,2025-04-18
1279,628,3834,Business Associate,2025-04-18
1280,628,2877,Business Associate,2025-04-18
1281,629,2566,Business Associate,2023-02-28
1282,629,2941,Business Associate,2023-12-26
1283,629,908,Business Associate,2023-04-28
1284,630,1220,Business Associate,2024-08-23
1285,631,4002,Business Associate,2022-10-06
1286,632,2474,Business Associate,2022-10-11
1287,632,4560,Business Associate,2024-05-06
1288,633,3842,Business Associate,2025-01-26
1289,633,3297,Business Associate,2025-01-26
1290,633,2817,Business Associate,2025-01-26
1291,634,759,Business Associate,2025-03-28
1292,635,2565,Business Associate,2025-05-30
1293,635,2536,Business Associate,2024-11-28
1294,635,3753,Business Associate,2025-06-15
1295,636,3421,Business Associate,2025-04-26
1296,637,2629,Business Associate,2023-03-30
1297,637,3031,Business Associate,2023-12-15
1298,638,2394,Business Associate,2023-05-06
1299,639,4368,Business Associate,2024-05-29
1300,639,4095,Business Associate,2024-01-31
1301,640,3768,Business Associate,2024-11-24
1302,640,2138,Business Associate,2024-11-24
1303,641,2815,Business Associate,2021-01-19
1304,641,2759,Business Associate,2023-05-23
1305,642,953,Business Associate,2024-06-04
1306,642,4017,Business Associate,2024-03-05
1307,643,3650,Business Associate,2023-01-06
1308,643,3083,Business Associate,2023-01-06
1309,644,1845,Business Associate,2024-02-19
1310,644,3291,Business Associate,2024-05-05
1311,644,1430,Business Associate,2022-12-25
1312,645,2633,Business Associate,2025-03-28
1313,646,4088,Business Associate,2025-03-21
1314,646,2499,Business Associate,2025-03-21
1315,646,3228,Business Associate,2025-03-21
1316,647,4461,Business Associate,2024-12-11
1317,647,2978,Business Associate,2024-12-11
1318,648,2861,Business Associate,2024-10-25
1319,648,4709,Business Associate,2024-07-02
1320,649,2325,Business Associate,2023-01-21
1321,649,1523,Business Associate,2023-08-25
1322,649,1621,Business Associate,2022-05-22
1323,650,4781,Business Associate,2025-05-12
1324,650,4176,Business Associate,2025-05-12
1325,650,4880,Business Associate,2025-05-12
1326,651,1439,Business Associate,2024-12-26
1327,651,3925,Business Associate,2024-12-26
1328,651,3279,Business Associate,2025-06-29
1329,652,2104,Business Associate,2025-05-25
1330,653,4542,Business Associate,2023-08-31
1331,653,1752,Business Associate,2024-10-09
1332,654,1720,Business Associate,2024-09-27
1333,654,1831,Business Associate,2024-09-27
1334,654,4116,Business Associate,2024-09-27
1335,655,3281,Business Associate,2023-04-01
1336,656,4223,Business Associate,2025-05-20
1337,656,1685,Business Associate,2021-10-29
1338,656,913,Business Associate,2022-03-08
1339,657,2109,Business Associate,2023-08-17
1340,657,4845,Business Associate,2024-02-14
1341,658,2963,Business Associate,2025-03-27
1342,658,2951,Business Associate,2025-03-27
1343,659,3349,Business Associate,2024-12-11
1344,660,3644,Business Associate,2023-05-05
1345,661,4378,Business Associate,2023-10-09
1346,662,3443,Business Associate,2024-12-23
1347,662,1634,Business Associate,2025-01-04
1348,663,4205,Business Associate,2024-05-06
1349,663,2209,Business Associate,2024-05-06
1350,663,2879,Business Associate,2025-06-07
1351,664,1869,Business Associate,2025-04-12
1352,665,2048,Business Associate,2024-07-09
1353,665,2274,Business Associate,2024-07-09
1354,665,3703,Business Associate,2024-07-09
1355,666,2617,Business Associate,2025-04-05
1356,666,4006,Business Associate,2022-11-13
1357,667,2809,Business Associate,2022-12-23
1358,667,2087,Business Associate,2023-10-09
1359,668,1345,Business Associate,2025-01-07
1360,668,1896,Business Associate,2025-01-07
1361,669,2301,Business Associate,2023-02-12
1362,669,4170,Business Associate,2024-09-26
1363,670,3401,Business Associate,2024-11-15
1364,670,3752,Business Associate,2025-06-14
1365,671,3666,Business Associate,2024-10-06
1366,671,3823,Business Associate,2024-10-06
1367,672,2055,Business Associate,2024-12-29
1368,672,4423,Business Associate,2021-08-07
1369,673,3170,Business Associate,2022-08-22
1370,673,4022,Business Associate,2023-11-19
1371,674,3189,Business Associate,2024-03-11
1372,674,2394,Business Associate,2022-12-27
1373,674,4348,Business Associate,2022-12-27
1374,675,4378,Business Associate,2023-05-05
1375,676,1130,Business Associate,2024-04-27
1376,676,2861,Business Associate,2024-10-25
1377,677,1700,Business Associate,2023-06-11
1378,677,2892,Business Associate,2023-06-11
1379,677,3895,Business Associate,2023-06-11
1380,678,1980,Business Associate,2023-11-26
1381,679,769,Business Associate,2022-11-04
1382,680,4655,Business Associate,2023-04-10
1383,680,4860,Business Associate,2023-04-10
1384,681,4610,Business Associate,2023-12-18
1385,682,2464,Business Associate,2025-04-06
1386,682,3731,Business Associate,2023-11-02
1387,683,1265,Business Associate,2022-12-09
1388,684,873,Business Associate,2025-04-01
1389,684,2720,Business Associate,2024-10-27
1390,685,2414,Business Associate,2024-03-17
1391,686,1657,Business Associate,2021-03-08
1392,687,1609,Business Associate,2023-02-13
1393,687,3135,Business Associate,2023-02-12
1394,687,3606,Business Associate,2023-02-12
1395,688,1575,Business Associate,2024-08-16
1396,688,4787,Business Associate,2023-12-02
1397,688,2125,Business Associate,2022-09-18
1398,689,2574,Business Associate,2024-11-24
1399,690,3204,Business Associate,2025-04-26
1400,690,4897,Business Associate,2025-04-26
1401,690,3166,Business Associate,2025-04-26
1402,691,2330,Business Associate,2023-12-17
1403,691,4756,Business Associate,2025-03-05
1404,691,2057,Business Associate,2023-04-07
1405,692,3441,Business Associate,2024-02-21
1406,693,3975,Business Associate,2023-06-15
1407,694,1640,Business Associate,2024-12-16
1408,694,4565,Business Associate,2024-12-16
1409,694,4766,Business Associate,2024-12-16
1410,695,1824,Business Associate,2022-09-06
1411,695,1521,Business Associate,2022-10-14
1412,695,4483,Business Associate,2021-08-01
1413,696,1358,Business Associate,2024-12-07
1414,696,4036,Business Associate,2024-12-07
1415,696,2779,Business Associate,2024-12-07
1416,697,1685,Business Associate,2025-02-08
1417,697,2986,Business Associate,2025-02-08
1418,698,3849,Business Associate,2024-08-09
1419,698,3761,Business Associate,2024-08-09
1420,699,3001,Business Associate,2025-03-28
1421,699,2797,Business Associate,2025-03-28
1422,700,2879,Business Associate,2025-06-07
1423,701,2385,Business Associate,2023-12-16
1424,701,3670,Business Associate,2021-12-06
1425,702,3384,Business Associate,2022-11-08
1426,703,2649,Business Associate,2024-06-18
1427,703,4722,Business Associate,2024-06-18
1428,704,1314,Business Associate,2025-06-16
1429,704,4555,Business Associate,2021-08-19
1430,705,1372,Business Associate,2022-06-24
1431,705,4073,Business Associate,2022-06-24
1432,706,2746,Business Associate,2023-01-12
1433,706,3067,Business Associate,2025-05-09
1434,706,812,Business Associate,2024-03-27
1435,707,3490,Business Associate,2022-07-30
1436,707,4045,Business Associate,2023-03-19
1437,707,4458,Business Associate,2023-12-05
1438,708,4857,Business Associate,2025-06-23
1439,708,3570,Business Associate,2023-09-16
1440,708,1477,Business Associate,2021-03-27
1441,709,4894,Business Associate,2023-05-10
1442,709,1579,Business Associate,2025-03-16
1443,709,3398,Business Associate,2023-03-11
1444,710,1355,Business Associate,2024-02-03
1445,710,3873,Business Associate,2024-02-03
1446,710,4560,Business Associate,2024-05-06
1447,711,4906,Business Associate,2021-10-29
1448,712,1478,Business Associate,2023-06-06
1449,712,2842,Business Associate,2022-12-17
1450,713,3981,Business Associate,2023-08-24
1451,713,1444,Business Associate,2024-08-18
1452,713,1807,Business Associate,2023-08-24
1453,714,1089,Business Associate,2024-04-12
1454,715,1805,Business Associate,2025-02-15
1455,715,2079,Business Associate,2025-02-15
1456,715,3476,Business Associate,2025-02-15
1457,716,4514,Business Associate,2022-04-27
1458,716,1931,Business Associate,2024-11-11
1459,717,938,Business Associate,2023-12-09
1460,717,3824,Business Associate,2023-01-06
1461,718,2843,Business Associate,2024-11-23
1462,718,3697,Business Associate,2022-03-03
1463,719,1025,Business Associate,2025-04-22
1464,719,3766,Business Associate,2025-04-22
1465,719,4345,Business Associate,2025-04-22
1466,720,1444,Business Associate,2024-08-18
1467,721,4972,Business Associate,2024-04-29
1468,722,4137,Business Associate,2022-08-17
1469,723,1282,Business Associate,2025-03-13
1470,724,3486,Business Associate,2023-08-18
1471,725,858,Business Associate,2023-07-15
1472,725,2728,Business Associate,2023-06-10
1473,726,3631,Business Associate,2022-07-17
1474,726,876,Business Associate,2023-06-11
1475,727,2789,Business Associate,2024-02-11
1476,728,3140,Business Associate,2023-12-20
1477,729,1401,Business Associate,2025-03-22
1478,729,4160,Business Associate,2025-01-26
1479,730,3920,Business Associate,2025-02-07
1480,730,3179,Business Associate,2025-02-07
1481,730,2169,Business Associate,2025-02-07
1482,731,1771,Business Associate,2022-12-17
1483,731,1510,Business Associate,2025-05-02
1484,732,819,Business Associate,2024-12-17
1485,733,4723,Business Associate,2023-12-23
1486,733,4954,Business Associate,2023-10-16
1487,734,1539,Business Associate,2024-01-07
1488,734,3679,Business Associate,2023-02-18
1489,734,1866,Business Associate,2024-08-14
1490,735,2904,Business Associate,2022-03-16
1491,735,4097,Business Associate,2022-05-11
1492,735,3086,Business Associate,2023-01-25
1493,736,4780,Business Associate,2023-10-11
1494,736,3802,Business Associate,2023-10-27
1495,737,4903,Business Associate,2024-07-07
1496,738,1520,Business Associate,2024-03-18
1497,739,1620,Business Associate,2024-04-29
1498,739,1311,Business Associate,2024-04-29
1499,739,770,Business Associate,2024-04-29
1500,740,2980,Business Associate,2023-02-27
1501,740,4461,Business Associate,2023-02-27
1502,741,1106,Business Associate,2025-01-23
1503,742,2378,Business Associate,2023-08-22
1504,742,4548,Business Associate,2024-04-24
1505,742,3556,Business Associate,2024-09-10
1506,743,4230,Business Associate,2022-11-03
1507,744,2969,Business Associate,2023-12-28
1508,745,1362,Business Associate,2021-12-21
1509,745,1284,Business Associate,2021-12-21
1510,746,2537,Business Associate,2025-05-08
1511,746,3761,Business Associate,2025-05-08
1512,747,4282,Business Associate,2024-05-16
1513,747,1665,Business Associate,2024-05-16
1514,748,3717,Business Associate,2025-05-14
1515,748,2989,Business Associate,2023-01-16
1516,748,4758,Business Associate,2023-07-09
1517,749,3058,Business Associate,2023-11-25
1518,749,3922,Business Associate,2023-12-23
1519,749,4478,Business Associate,2025-03-16
1520,750,1418,Business Associate,2021-07-09
